Campaign Name:,Direct Link Campaign Import Test
Cost Type:,CPV
Stats CPV:,0.015
Engage Rate (sec):,3
Campaign Type:,Landing Page
Failure Page:,http://www.failure.com
Inactive:,0
,
Landing Page Name:,Landing Page 1 Path 1
Landing URL:,http://lp1path1.com
Landing ID:,11
Landing Share%:,10
Landing Inactive:,0
,
Landing Page Name:,Landing Page 2 Path 1
Landing URL:,http://lp2path1.com
Landing ID:,12
Landing Share%:,0
Landing Inactive:,1
,
Offer Name:,Offer 1
Offer URL:,http://offer1.com
Network:,EWA
Payout $:,30
Share%:,10
Offer Inactive:,0
,
Offer Name:,Offer 2
Offer URL:,http://offer2.com
Network:,Azoogle
Payout $:,30
Share%:,10
Offer Inactive:,0
,
Offer Name:,Offer 3
Offer URL:,http://offer3.com
Network:,EWA
Payout $:,28
Share%:,10
Offer Inactive:,0
,
Offer Name:,Offer 4
Offer URL:,http://offer4.com
Network:,Azoogle
Payout $:,41
Share%:,10
Offer Inactive:,0
,
Offer Name:,Offer 5
Offer URL:,http://offer5.com
Network:,EWA
Payout $:,39
Share%:,10
Offer Inactive:,0
,
Offer Name:,Offer 6
Offer URL:,http://offer6.com
Network:,Azoogle
Payout $:,22
Share%:,10
Offer Inactive:,0
,
Offer Name:,Offer 7
Offer URL:,http://offer7.com
Network:,EWA
Payout $:,26.5
Share%:,10
Offer Inactive:,0
,
Offer Name:,Offer 8 
Offer URL:,http://offer8.com
Network:,Azoogle
Payout $:,29
Share%:,10
Offer Inactive:,0
,
Offer Name:,Offer 9
Offer URL:,http://offer9.com
Network:,EWA
Payout $:,22.75
Share%:,10
Offer Inactive:,0
,
Offer Name:,Offer 10
Offer URL:,http://offer10.com
Network:,Azoogle
Payout $:,25
Share%:,0
Offer Inactive:,1
