Campaign Name:,Email Follow-Up Campaign Import Test
Stats CPV:,0.015
Engage Rate (sec):,3
Link/Redirect Destination:,Landing Page
Failure Page:,http://www.failure.com
Inactive:,0
,
Email,
Landing Page Name:,Landing Page 1 Email 1
Landing URL:,http://lp1Email1.com
Landing ID:,11
Landing Share%:,10
Landing Inactive:,0
,
Landing Page Name:,Landing Page 2 Email 1
Landing URL:,http://lp2Email1.com
Landing ID:,12
Landing Share%:,20
Landing Inactive:,0
,
Offer Name:,Offer Email 1
Offer URL:,http://offerEmail1.com
Payout $:,30
Network:,EWA
Share%:,30
Offer Inactive:,0
,
Offer Name:,Offer Email 1 - 2
Offer URL:,http://offerEmail2.com
Payout $:,20
Network:,EWA
Share%:,70
Offer Inactive:,0
,
Email,
Landing Page Name:,Landing Page 1 Email 2
Landing URL:,http://lp1Email2.com
Landing ID:,21
Landing Share%:,15
Landing Inactive:,0
,
Landing Page Name:,Landing Page 2 Email 2
Landing URL:,http://lp2Email2.com
Landing ID:,22
Landing Share%:,0
Landing Inactive:,1
,
Offer Name:,Offer Email 2
Offer URL:,http://offerEmail2.com
Payout $:,20
Network:,EWA
Share%:,30
Offer Inactive:,0
,
Email,
Landing Page Name:,Landing Page 1 Email 3
Landing URL:,http://lp1Email3.com
Landing ID:,31
Landing Share%:,20
Landing Inactive:,0
,
Landing Page Name:,Landing Page 2 Email 3
Landing URL:,http://lp2Email3.com
Landing ID:,32
Landing Share%:,15
Landing Inactive:,0
,
Offer Name:,Offer Email 3
Offer URL:,http://offerEmail3.com
Payout $:,40
Network:,ECM
Share%:,30
Offer Inactive:,0
