Campaign Name:,Landing Page Sequence Campaign Import Test
Cost Type:,CPV
Stats CPV:,0.015
Engage Rate (sec):,3
Lead Capture in Sequence:,Yes
Thank You Page Tracking:,Landing Page
Failure Page:,http://www.failure.com
Inactive:,0
,
Level,
Landing Page Name:,Landing Page 1 Level 1
Landing URL:,http://lp1Level1.com
Landing ID:,11
Landing Share%:,10
Landing Inactive:,0
,
Landing Page Name:,Landing Page 2 Level 1
Landing URL:,http://lp2Level1.com
Landing ID:,12
Landing Share%:,90
Landing Inactive:,0
,
Level,
Landing Page Name:,Landing Page 1 Level 2
Landing URL:,http://lp1Level2.com
Landing ID:,21
Landing Share%:,100
Landing Inactive:,0
,
Landing Page Name:,Landing Page 2 Level 2
Landing URL:,http://lp2Level2.com
Landing ID:,22
Landing Share%:,0
Landing Inactive:,1
,
After Opt-In,
Landing Page Name:,Landing Page 1 Level 3
Landing URL:,http://lp1Level3.com
Landing ID:,31
Landing Share%:,20
Landing Inactive:,0
,
Landing Page Name:,Landing Page 2 Level 3
Landing URL:,http://lp2Level3.com
Landing ID:,32
Landing Share%:,80
Landing Inactive:,0
,
Option,
Offer Name:,Offer 1
Offer URL:,http://offer1.com
Offer ID:,11
Payout $:,40
Network:,ECM
Share%:,30
Offer Inactive:,0
,
Offer Name:,Offer 2
Offer URL:,http://offer2.com
Offer ID:,22
Payout $:,20
Network:,Copeac
Share%:,70
Offer Inactive:,0
,
Option,
Offer Name:,Offer 3
Offer URL:,http://offer3.com
Offer ID:,33
Payout $:,10
Network:,ECM
Share%:,100
Offer Inactive:,0
,
Offer Name:,Offer 4
Offer URL:,http://offer4.com
Offer ID:,44
Payout $:,25
Network:,Copeac
Share%:,0
Offer Inactive:,1
