Campaign Name:,Lead Capture Campaign Import Test
Cost Type:,CPV
Stats CPV:,0.015
Engage Rate (sec):,3
Thank You Page Tracking:,Landing Page
Failure Page:,http://www.failure.com
Inactive:,0
,
Landing Page Name:,Landing Page 1
Landing URL:,http://landingpage1.com
Landing ID:,1
Landing Share%:,20
Landing Inactive:,0
,
Landing Page Name:,Landing Page 2
Landing URL:,http://landingpage2.com
Landing ID:,2
Landing Share%:,30
Landing Inactive:,0
,
Landing Page Name:,Landing Page 3
Landing URL:,http://landingpage3.com
Landing ID:,3
Landing Share%:,50
Landing Inactive:,0
,
Landing Page Name:,Landing Page 4
Landing URL:,http://landingpage4.com
Landing ID:,4
Landing Share%:,0
Landing Inactive:,1
,
After Opt-In,
Landing Page Name:,Landing Page 1 Level 3
Landing URL:,http://lp1Level3.com
Landing ID:,31
Landing Share%:,20
Landing Inactive:,0
,
Landing Page Name:,Landing Page 2 Level 3
Landing URL:,http://lp2Level3.com
Landing ID:,32
Landing Share%:,15
Landing Inactive:,0
,
Offer Name:,Offer 1
Offer URL:,http://offer1.com
Payout $:,40
Network:,ECM
Share%:,30
Offer Inactive:,0
,
Offer Name:,Offer 2
Offer URL:,http://offer2.com
Payout $:,20
Network:,Copeac
Share%:,70
Offer Inactive:,0
