Campaign Name:,Multiple Path Campaign Import Test
Cost Type:,CPV
Stats CPV:,0.015
Engage Rate (sec):,3
Failure Page:,http://www.failure.com
Inactive:,0
,
Path,
Landing Page Name:,Landing Page 1 Path 1
Landing URL:,http://lp1path1.com
Landing ID:,11
Landing Share%:,10
Landing Inactive:,0
,
Landing Page Name:,Landing Page 2 Path 1
Landing URL:,http://lp2path1.com
Landing ID:,12
Landing Share%:,20
Landing Inactive:,0
,
Offer Name:,Offer Path 1
Offer URL:,http://offerpath1.com
Payout $:,30
Network:,EWA
Share%:,100
Offer Inactive:,0
,
Offer Name:,Offer Path 1 - 2
Offer URL:,http://offerpath2.com
Payout $:,20
Network:,EWA
Share%:,0
Offer Inactive:,1
,
Path,
Landing Page Name:,Landing Page 1 Path 2
Landing URL:,http://lp1path2.com
Landing ID:,21
Landing Share%:,15
Landing Inactive:,0
,
Landing Page Name:,Landing Page 2 Path 2
Landing URL:,http://lp2path2.com
Landing ID:,22
Landing Share%:,20
Landing Inactive:,0
,
Offer Name:,Offer Path 2
Offer URL:,http://offerpath2.com
Payout $:,20
Network:,EWA
Share%:,30
Offer Inactive:,0
,
Path,
Landing Page Name:,Landing Page 1 Path 3
Landing URL:,http://lp1path3.com
Landing ID:,31
Landing Share%:,20
Landing Inactive:,0
,
Landing Page Name:,Landing Page 2 Path 3
Landing URL:,http://lp2path3.com
Landing ID:,32
Landing Share%:,0
Landing Inactive:,1
,
Offer Name:,Offer Path 3
Offer URL:,http://offerpath3.com
Payout $:,40
Network:,ECM
Share%:,30
Offer Inactive:,0
