Campaign Name:,Landing Page to Multiple Offers Import Test
Cost Type:,CPV
Stats CPV:,0.015
Engage Rate (sec):,3
Failure Page:,http://www.failure.com
Inactive:,0
,
Landing Page Name:,Landing Page
Landing URL:,http://landingpage.com
Landing ID:,1
Landing Share%:,50
Landing Inactive:,0
,
Landing Page Name:,Landing Page 2
Landing URL:,http://landingpage2.com
Landing ID:,2
Landing Share%:,50
Landing Inactive:,0
,
Option,
Offer Name:,Offer 1
Offer URL:,http://offer1.com
Offer ID:,11
Network:,EWA
Payout $:,30
Share%:,30
Offer Inactive:,0
,
Offer Name:,Offer 2
Offer URL:,http://offer2.com
Offer ID:,22
Network:,Azoogle
Payout $:,30
Share%:,30
Offer Inactive:,0
,
Offer Name:,Offer 3
Offer URL:,http://offer3.com
Offer ID:,33
Network:,ECM
Payout $:,28
Share%:,30
Offer Inactive:,0
,
Offer Name:,Offer 4
Offer URL:,http://offer4.com
Offer ID:,44
Network:,ECM
Payout $:,41
Share%:,10
Offer Inactive:,0
,
Option,
Offer Name:,Offer 5
Offer URL:,http://offer5.com
Offer ID:,55
Network:,EWA
Payout $:,39
Share%:,10
Offer Inactive:,0
,
Offer Name:,Offer 6
Offer URL:,http://offer6.com
Offer ID:,66
Network:,EWA
Payout $:,22
Share%:,50
Offer Inactive:,0
,
Offer Name:,Offer 7
Offer URL:,http://offer7.com
Offer ID:,77
Network:,ECM
Payout $:,26.5
Share%:,40
Offer Inactive:,0
,
Option,
Offer Name:,Offer 8 
Offer URL:,http://offer8.com
Offer ID:,88
Network:,EWA
Payout $:,29
Share%:,30
Offer Inactive:,0
,
Offer Name:,Offer 9
Offer URL:,http://offer9.com
Offer ID:,99
Network:,EWA
Payout $:,22.75
Share%:,60
Offer Inactive:,0
,
Offer Name:,Offer 10
Offer URL:,http://offer10.com
Offer ID:,1010
Network:,ECM
Payout $:,25
Share%:,0
Offer Inactive:,1
